Row Labels,Code,30-Jan,2-Feb,3-Feb,14-Feb,2-Mar,3-Mar,4-Mar,5-Mar,6-Mar,7-Mar,8-Mar,9-Mar,10-Mar,11-Mar,12-Mar,13-Mar,14-Mar,15-Mar,16-Mar,17-Mar,18-Mar,19-Mar,20-Mar,21-Mar,22-Mar,23-Mar,24-Mar,25-Mar,26-Mar,27-Mar,28-Mar,29-Mar,30-Mar,31-Mar,1-Apr,2-Apr,3-Apr,4-Apr,5-Apr,6-Apr,7-Apr,8-Apr,9-Apr,10-Apr,11-Apr,12-Apr,13-Apr,14-Apr,15-Apr,16-Apr,17-Apr,18-Apr,19-Apr,20-Apr,21-Apr,22-Apr,23-Apr,24-Apr,25-Apr,26-Apr,27-Apr,28-Apr,29-Apr,30-Apr,1-May,2-May,3-May,4-May,5-May,6-May,7-May,8-May,9-May,10-May,11-May,12-May,13-May,14-May,15-May,16-May,17-May,18-May,19-May,20-May,21-May,22-May,23-May,24-May,25-May,26-May,27-May,28-May,29-May,30-May,31-May,1-Jun,2-Jun,3-Jun,4-Jun,5-Jun,6-Jun,7-Jun,8-Jun,9-Jun,10-Jun,11-Jun,12-Jun,13-Jun,14-Jun,15-Jun,16-Jun,17-Jun,18-Jun,19-Jun,20-Jun,21-Jun,22-Jun,23-Jun,24-Jun,25-Jun,26-Jun,27-Jun,28-Jun,29-Jun,30-Jun,1-Jul,2-Jul,3-Jul,4-Jul,5-Jul,6-Jul,7-Jul,8-Jul,9-Jul,10-Jul,11-Jul,12-Jul,13-Jul,14-Jul,15-Jul,16-Jul,17-Jul,18-Jul,19-Jul,20-Jul,21-Jul,22-Jul,23-Jul,24-Jul,25-Jul,26-Jul,27-Jul,28-Jul,29-Jul,30-Jul,31-Jul,1-Aug,2-Aug,3-Aug,4-Aug,5-Aug,6-Aug,7-Aug,8-Aug,9-Aug,10-Aug,11-Aug,12-Aug,13-Aug,14-Aug,15-Aug,16-Aug,17-Aug,18-Aug,19-Aug,20-Aug,21-Aug,22-Aug,23-Aug,24-Aug,25-Aug,26-Aug,27-Aug,28-Aug,29-Aug,30-Aug,31-Aug,1-Sep,2-Sep,3-Sep,4-Sep,5-Sep,6-Sep,7-Sep,8-Sep,9-Sep,10-Sep,11-Sep,12-Sep,13-Sep,14-Sep,,,,,,,,,,,,,,,,
Andaman and Nicobar Islands,AN,,,,,,,,,,,,,,,,,,,,,,,,,,,,,1,6,9,9,10,10,10,10,10,10,10,10,10,11,11,11,11,11,11,11,11,11,12,14,15,16,17,18,22,29,33,33,33,33,33,33,33,33,33,33,33,33,33,33,33,33,33,33,33,33,33,33,33,33,33,33,33,33,33,33,33,33,33,33,33,33,33,33,33,33,33,33,33,33,33,34,35,38,38,38,40,41,44,44,45,47,47,48,48,50,56,58,72,72,83,90,97,100,109,116,119,125,141,147,149,156,156,156,163,166,171,176,180,184,188,203,207,212,221,240,259,290,318,338,363,428,470,548,636,734,830,928,1027,1123,1222,1351,1490,1625,1764,1900,2037,2186,2306,2399,2445,2529,2604,2680,2747,2808,2860,2904,2945,2985,3018,3050,3081,3104,3132,3422.383037,3526.177292,3631.868002,3739.471125,3849.002618,3960.47844,4073.914546,4189.326895,4306.731445,4426.144151,4547.580973,4671.057867,4796.590792,4924.195703,,,,,,,,,,,,,,,,
Andhra Pradesh,AP,,,,,,,,,,,,,,,1,1,1,1,1,1,1,3,3,5,6,7,8,10,11,13,19,21,23,44,111,149,164,192,256,303,314,348,363,381,405,420,439,484,525,534,572,603,647,722,757,813,893,955,1016,1097,1177,1259,1332,1403,1463,1525,1583,1650,1717,1777,1833,1887,1930,1980,2018,2089,2137,2205,2307,2355,2380,2432,2489,2560,2605,2667,2714,2780,2886,2983,3117,3245,3330,3461,3571,3676,3791,3971,4112,4250,4460,4659,4813,4882,5247,5429,5636,5858,6152,6456,6720,7071,7496,7961,8452,8929,9372,9834,10331,10884,11489,12285,13098,13891,14595,15252,16097,16934,17699,18697,20019,21197,22259,23814,25422,27235,29168,31103,33019,35451,38044,40646,44609,49650,53724,58668,64713,72711,80858,88671,96298,102349,110297,120390,130557,140933,150209,158764,166586,176333,186461,196789,206960,217040,227860,235525,244549,254146,264142,273085,281817,289829,296609,306261,316003,325396,334940,345216,353111,361712,371639,382469,393090,403616,414164,424767,434771,448831.2071,461505.6203,474400.2484,487516.8792,500857.3009,514423.3012,528216.6683,542239.1901,556492.6546,570978.8496,585699.5633,600656.5834,615851.6982,631286.6954,,,,,,,,,,,,,,,,
Arunachal Pradesh,AR,,,,,,,,,,,,,,,,,,,,,,,,,,,,,,,,,,,,1,1,1,1,1,1,1,1,1,1,1,1,1,1,1,1,1,1,1,1,1,1,1,1,1,1,1,1,1,1,1,1,1,1,1,1,1,1,1,1,1,1,1,1,1,1,1,1,1,1,1,1,2,2,2,2,3,3,4,4,22,24,34,39,43,45,48,54,54,58,64,83,88,91,95,99,103,103,135,135,139,148,158,160,172,174,177,182,187,191,195,232,252,259,269,270,276,287,302,335,341,360,387,462,491,543,609,650,740,790,858,949,991,1056,1126,1158,1239,1330,1410,1484,1591,1674,1698,1758,1790,1855,1948,2049,2117,2155,2231,2327,2430,2512,2607,2658,2701,2741,2875,2950,3066,3126,3223,3263,3312,3412,3555,3633,3745,3877,4034,4112,4191.902404,4303.713299,4417.38565,4532.934097,4650.373278,4769.717832,4890.982397,5014.181611,5139.330115,5266.442545,5395.533541,5526.617741,5659.709784,5794.824309,,,,,,,,,,,,,,,,
Assam,AS,,,,,,,,,,,,,,,,,,,,,,,,,,,,,,,,,,1,16,16,23,26,26,26,28,28,29,29,29,30,32,33,33,35,35,35,35,35,35,35,36,36,36,36,36,38,38,43,43,43,43,43,45,46,54,60,62,63,65,65,80,87,90,93,101,116,158,189,211,226,347,393,549,683,784,881,1058,1217,1340,1486,1560,1831,2116,2244,2474,2682,2836,3051,3286,3431,3694,3901,4119,4310,4511,4695,4904,5006,5255,5587,5854,6057,6283,6647,6920,7166,7493,7795,8408,8956,9435,9800,11002,11737,12523,13337,14033,14601,15537,16072,16807,17808,18667,19755,20647,21865,22982,24000,25093,26773,27745,28792,29922,31087,32229,33577,34948,36296,38408,40270,41727,42905,45276,48162,50446,52818,55497,57715,58838,61738,64407,69000,71796,74502,75559,76876,79668,82202,84318,86053,87909,89469,90741,92620,94593,96772,98808,101368,103795,105775,109041,113411.5329,116306.0384,119247.3561,122235.8469,125271.8719,128355.792,131487.9682,134668.7615,151622,153412,160417,165885,170797,174787,,,,,,,,,,,,,,,,
Bihar,BR,,,,,,,,,,,,,,,,,,,,,,,,,2,3,3,4,7,9,11,15,15,21,24,29,31,32,32,32,38,39,58,60,64,64,66,66,72,83,85,86,96,113,126,143,170,223,251,277,346,366,403,425,466,481,517,528,535,542,550,579,611,707,749,879,953,999,1033,1178,1320,1423,1519,1776,1987,2166,2394,2574,2737,2968,3036,3185,3359,3565,3807,3945,4096,4326,4452,4598,4831,5070,5247,5455,5698,5948,6096,6289,6475,6662,6810,6940,7040,7290,7503,7665,7893,8050,8273,8488,8678,8980,9224,9618,9988,10204,10682,11108,11457,11860,12140,12525,13274,13978,14330,15039,16305,17421,18853,20173,21558,23300,24967,26379,27455,28564,30066,31691,33511,36314,38919,41111,43591,45919,48001,50987,54508,57270,59567,62031,64732,68148,71794,75786,79720,82741,86812,90553,94459,98370,101906,104093,106618,109875,112759,115210,117671,119909,122156,123383,124827,126990,128850,130848,132935,135013,136337,149221.5584,153131.9919,157107.2857,161147.951,165254.4988,169427.4401,173667.286,177974.5475,182349.7356,186793.3615,186823,190139,193455,196771,,,,,,,,,,,,,,,,
Chandigarh,CH,,,,,,,,,,,,,,,,,,,,,,1,5,5,6,7,7,7,7,8,8,8,13,15,17,18,18,18,18,18,18,18,18,19,19,21,21,21,21,21,21,23,26,26,27,27,27,27,28,36,45,56,68,74,88,94,97,102,119,124,135,146,169,173,181,187,191,191,191,191,191,196,199,202,218,219,225,262,266,278,279,289,289,289,293,297,301,301,302,309,312,314,320,326,328,332,345,350,352,357,365,370,374,381,404,406,411,418,420,423,425,428,431,434,440,446,450,454,459,466,487,492,507,523,536,549,559,588,600,619,635,660,691,717,737,751,780,800,823,852,887,910,934,978,1016,1051,1079,1117,1160,1206,1270,1327,1374,1426,1515,1595,1670,1751,1842,1928,2009,2102,2216,2305,2396,2515,2631,2776,2918,3035,3209,3376,3564,3724,3985,4155,4346,3577.257583,3671.269165,3766.909894,3864.193269,3963.132789,4063.741955,4166.034266,4270.023222,4375.722322,4483.145066,4592.304954,4703.215485,4815.890159,4930.342475,,,,,,,,,,,,,,,,
Chhattisgarh,CT,,,,,,,,,,,,,,,,,,,,,,1,1,1,1,1,1,3,6,6,7,7,8,9,9,9,9,10,10,10,10,10,18,18,25,31,31,33,33,36,36,36,36,36,36,36,36,36,37,37,37,38,38,40,43,43,57,58,59,59,59,59,59,59,59,59,59,60,66,67,85,95,100,114,128,172,214,252,292,360,364,398,415,447,498,547,562,626,773,863,923,1073,1197,1211,1262,1398,1445,1550,1671,1715,1784,1864,1946,2018,2134,2255,2302,2385,2419,2456,2545,2610,2694,2795,2858,2940,3013,3065,3161,3207,3305,3415,3526,3666,3832,3897,4081,4265,4379,4556,4754,5003,5246,5407,5598,5731,5999,6370,6819,7182,7613,7980,8286,8600,8856,9192,9427,9608,9820,10202,10497,11020,11408,11855,12148,12625,12985,13552,14030,14559,15045,15621,16025,16833,17585,18637,19510,20214,20918,22054,23341,24550,25988,27233,28746,30092,31503,26876.76191,27576.85536,28288.58794,29012.05187,29747.33937,30494.54265,31253.75394,32025.06545,32808.5694,33604.358,34412.52348,35233.15806,36066.35394,36912.20336,,,,,,,,,,,,,,,,
Dadra and Nagar Haveli and Daman and Diu,DN & DD,,,,,,,,,,,,,,,,,,,,,,,,,,,,,,,,,,,,,,,,,,,0,0,0,0,0,0,0,0,0,0,0,0,0,0,0,0,0,0,0,0,0,0,0,0,0,0,1,1,1,1,1,1,1,1,1,1,1,1,1,1,1,1,1,1,2,2,2,2,2,2,2,2,2,3,3,11,14,14,19,20,22,24,29,30,30,35,38,38,52,57,61,75,92,97,112,121,134,154,169,184,188,203,213,229,254,304,341,373,400,427,442,456,470,484,500,525,541,558,576,608,653,690,711,739,775,820,864,901,950,986,1030,1068,1103,1149,1194,1249,1284,1327,1372,1415,1459,1510,1555,1617,1656,1695,1741,1782,1846,1881,1908,1959,1996,2030,2083,2123,2159,2177,2198,2220,2262,2293,2308,2340,2367,2671.423486,2735.228791,2800.001759,2865.749432,2932.47885,3000.197056,3068.911089,3138.627992,3209.354806,3281.09857,3353.866328,3427.66512,3502.501986,3578.383969,,,,,,,,,,,,,,,,
Delhi,DL,,,,,1,1,1,2,3,3,3,4,4,5,6,7,7,7,7,10,11,14,20,27,28,30,30,35,39,40,49,72,97,120,152,293,386,445,503,525,576,669,720,903,1069,1154,1510,1561,1578,1640,1707,1893,2003,2081,2156,2248,2376,2514,2625,2918,3108,3314,3439,3515,3738,4122,4549,4898,5104,5532,5980,6318,6542,6923,7233,7639,7998,8470,8895,9333,9755,10054,10554,11088,11659,12319,12910,13418,14053,14465,15257,16281,17386,18549,19844,20834,22132,23645,25004,26334,27654,28936,29943,31309,32810,34687,36824,38958,41182,42829,44688,47102,49979,53116,56746,59746,62655,66602,70390,73780,77240,80188,83077,85161,87360,89802,92175,94695,97200,99444,100823,102831,104864,107051,109140,110921,112494,113740,115346,116993,118645,120107,121582,122793,123747,125096,126323,127364,128389,129531,130606,131219,132275,133310,134403,135598,136716,137677,138482,139156,140232,141531,142723,144127,145427,146134,147391,148504,149460,150652,151928,152580,153367,154741,156139,157354,158604,160016,161466,162527,164071,165764,167604,169412,171366,173390,174748,180989.5058,182389.3573,183775.8759,185148.7628,186507.719,187852.4458,189182.6443,190498.0156,191798.2609,193083.0813,194352.1779,195605.252,196842.0046,198062.1369,,,,,,,,,,,,,,,,
Goa,GA,,,,,,,,,,,,,,,,,,,,,,,,,,,,3,3,3,3,5,5,5,5,5,6,7,7,7,7,7,7,7,7,7,7,7,7,7,7,7,7,7,7,7,7,7,7,7,7,7,7,7,7,7,7,7,7,7,7,7,7,7,7,7,7,15,15,20,29,38,46,50,52,54,55,66,67,67,68,69,69,70,71,73,79,126,166,196,267,300,330,359,387,417,463,523,564,592,629,656,705,725,754,818,864,909,951,995,1039,1128,1198,1251,1315,1387,1482,1576,1684,1761,1813,1903,2039,2151,2251,2368,2453,2583,2753,2951,3108,3304,3484,3657,3853,4027,4176,4350,4540,4686,4861,5119,5287,5489,5704,5913,6193,6530,6816,7075,7423,7614,7947,8206,8712,9029,9444,9924,10494,10970,11339,11639,11994,12333,12675,13099,13484,13790,13999,14138,14530,15027,15483,16006,16553,17004,17418,17480.35739,17934.40782,18395.90113,18864.89534,19341.44841,19825.61834,20317.46311,20817.04072,21324.40915,21839.62638,22362.75041,22893.83923,23432.95082,23980.14316,,,,,,,,,,,,,,,,
Gujarat,GJ,,,,,,,,,,,,,,,,,,,,,,2,7,14,18,30,36,38,44,47,55,63,70,74,87,88,95,108,128,146,175,186,262,378,468,516,572,650,766,929,1099,1376,1743,1939,2178,2407,2624,2815,3071,3301,3548,3774,4082,4395,4721,5054,5428,5804,6245,6625,7013,7403,7797,8195,8542,8904,9268,9592,9932,10989,11380,11746,12141,12539,12910,13273,13669,14063,14468,14829,15205,15572,15944,16356,16794,17217,17632,18117,18609,19119,19617,20097,20574,21044,21554,22067,22562,23079,23590,24104,24628,25148,25658,26198,26737,27317,27880,28429,29001,29578,30158,30773,31397,32023,32643,33318,33999,34686,35398,36123,36858,37636,38419,39280,40155,41027,41906,42808,43723,44648,45567,46516,47476,48441,49439,50465,51485,52563,53631,54712,55822,56874,57982,59126,60285,61438,62574,63675,64684,65704,66777,67811,68885,69986,71064,72120,73238,74390,75482,76569,77663,78783,79816,80942,82087,83262,84466,85678,86779,87846,88942,90139,91329,92601,93883,95155,96435,98670.6504,100044.7161,101430.3898,102827.7126,104236.7256,105657.4698,107089.9861,108534.3158,109990.4998,111458.5792,112938.5949,114430.5882,115934.5999,117450.6712,,,,,,,,,,,,,,,,
Haryana,HR,,,,,,,14,14,14,14,14,14,14,14,14,14,14,14,14,15,17,17,19,21,21,28,30,31,32,33,35,35,36,43,43,49,58,84,90,110,143,167,170,176,179,195,196,198,204,215,223,232,250,251,255,264,270,275,287,296,301,308,311,339,357,376,442,517,548,594,625,647,675,703,730,780,793,818,854,887,910,928,964,993,1030,1067,1131,1184,1213,1305,1381,1504,1721,1923,2091,2356,2652,2954,3281,3597,3952,4448,4854,5209,5579,5968,6334,6749,7208,7722,8272,8832,9218,9743,10223,10635,11025,11520,12010,12463,12884,13427,13829,14210,14548,14941,15509,16003,16548,17005,17504,17999,18690,19364,19934,20582,21240,21929,22628,23306,24002,24797,25547,26164,26858,27462,28186,28975,29755,30538,31332,32127,32876,33631,34254,34965,35758,36519,37173,37796,38548,39303,40054,40843,41635,42429,43227,44024,44817,45614,46410,47153,48040,48936,49930,50926,52129,53290,54386,55460,56608,58005,59298,60596,61987,63282,64732,65781.35009,67007.75316,68248.77585,69504.50175,70775.01448,72060.39763,73360.73481,74676.10961,76006.60565,77352.30652,78713.29583,80089.65717,81481.47416,82888.8304,,,,,,,,,,,,,,,,
Himachal Pradesh,HP,,,,,,,,,,,,,,,,,0,0,0,0,0,0,2,2,2,3,3,3,3,3,3,3,3,3,3,6,6,13,14,18,27,27,28,28,32,32,32,33,35,35,38,39,39,39,39,39,40,40,40,40,40,40,40,40,40,40,40,41,42,43,46,50,52,58,59,67,68,74,76,78,80,90,92,110,152,168,185,203,223,247,273,281,295,313,331,340,345,359,383,393,400,411,421,437,451,470,486,502,518,556,560,585,595,627,656,673,727,775,806,839,864,894,916,942,953,979,1014,1033,1046,1063,1077,1083,1101,1140,1171,1182,1213,1243,1309,1341,1377,1417,1457,1521,1631,1664,1725,1834,1954,2049,2176,2270,2330,2403,2506,2564,2634,2703,2818,2879,2916,3047,3150,3264,3371,3463,3497,3636,3816,3874,3993,4156,4174,4235,4411,4538,4728,4895,5001,5101,5154,5321,5501,5637,5781,5945,6116,6025.474498,6163.353619,6303.317944,6445.382909,6589.56395,6735.876501,6884.335998,7034.957875,7187.757569,7342.750514,7499.952146,7659.377899,7821.043209,7984.963512,,,,,,,,,,,,,,,,
Jammu and Kashmir,JK,0,0,0,0,0,0,0,0,0,2,2,3,3,4,4,5,5,5,6,11,12,12,14,17,17,17,19,24,27,33,46,51,62,68,75,83,89,106,120,123,139,172,198,222,239,260,287,295,318,332,346,359,372,386,398,425,452,472,514,543,566,587,603,636,661,689,743,768,783,817,835,865,878,903,921,976,1014,1026,1056,1164,1226,1332,1360,1434,1493,1535,1618,1673,1721,1812,1975,2110,2238,2418,2523,2678,2799,2947,3236,3421,3566,4190,4388,4454,4622,4709,4969,5315,5590,5775,5947,6093,6242,6424,6670,6793,6935,7168,7354,7490,7708,7926,8056,8201,8470,8685,8840,9021,9251,9434,9680,9972,10308,10556,10952,11233,11599,11920,12301,12808,13303,13908,14357,15077,15845,16456,16917,17639,18028,18581,19205,19696,20206,20766,21247,21763,22434,22882,23491,23930,24547,25049,25541,26029,26585,27084,27701,28224,28798,29368,29930,30418,30858,31336,32082,32794,33504,34191,34926,35405,36196,36931,37627,38371,38980,39801,40379,41998.06727,42816.98232,43646.49412,44486.67068,45337.58005,46199.29023,47071.86924,47955.38509,48849.90581,49755.49943,50672.23394,51600.17737,52539.39773,53489.96307,,,,,,,,,,,,,,,,
Jharkhand,JH,,,,,,,,,,,,,,,,,,,,,,,,,,,,,,,,,,1,1,2,2,2,3,4,4,4,13,14,17,19,24,27,28,29,32,33,41,46,46,46,53,59,67,82,103,105,107,110,113,115,115,115,125,127,132,154,156,157,161,172,177,203,211,217,223,228,248,290,303,323,350,370,405,426,433,439,521,594,635,661,722,764,827,922,1028,1103,1290,1416,1551,1599,1656,1711,1763,1793,1839,1896,1919,1961,2024,2098,2140,2193,2219,2263,2294,2339,2364,2426,2490,2525,2585,2697,2739,2807,2854,3018,3134,3268,3518,3663,3760,3963,4225,4562,4783,5096,5385,5552,5777,6195,6682,7164,7564,7841,8349,8803,9563,9894,10399,11314,12104,12559,13500,14070,15048,15756,16482,17468,18156,18786,19469,20257,20950,22125,22672,23224,24067,25333,26300,26938,28196,29103,30178,31118,32174,33311,34676,35813,37112,38435,41656,43611.66667,45883.66667,48155.66667,50427.66667,52699.66667,54971.66667,57243.66667,59515.66667,61787.66667,64059.66667,66331.66667,68603.66667,70875.66667,73147.66667,,,,,,,,,,,,,,,,
Karnataka,KA,,,,,,,,,,,,1,4,4,5,6,6,6,7,11,14,15,15,20,26,33,41,51,55,64,76,83,88,101,110,124,128,144,151,163,175,181,197,207,215,232,247,260,279,315,359,384,390,408,418,427,445,474,500,503,512,523,535,565,589,601,614,651,673,693,705,753,794,848,862,925,959,987,1056,1092,1147,1246,1395,1462,1605,1743,1959,2089,2182,2283,2418,2533,2781,2922,3221,3408,3796,4063,4320,4835,5213,5452,5760,5921,6041,6245,6516,6824,7000,7213,7530,7734,7944,8281,8697,9150,9399,9721,10118,10560,11005,11923,13190,14295,15242,16514,18016,19710,21549,23474,25317,26815,28877,31105,33418,36216,38843,41581,44077,47253,51422,55115,59652,63772,67420,71069,75833,80863,85870,90942,96141,101465,107001,112504,118632,124115,129287,134819,139571,145830,151449,158254,164924,172102,178087,182354,188611,196494,203200,211108,219926,226966,233283,240948,249590,256975,264546,271876,277814,283665,291826,300406,309792,318752,327076,335928,342423,350920.8075,360323.587,369883.8184,379602.7468,389481.6171,399521.6744,409724.1638,420090.3302,430621.4186,441318.6741,452183.3417,463216.6664,474419.8933,485794.2672,,,,,,,,,,,,,,,,
Kerala,KL,1,2,3,3,3,3,3,3,3,3,8,9,17,17,19,22,22,24,27,27,27,28,40,52,67,95,109,118,137,176,182,202,234,241,265,286,295,306,314,327,336,345,357,364,374,376,379,387,388,395,396,400,402,408,427,438,448,451,458,469,482,486,496,498,498,500,500,500,503,503,503,504,506,513,520,525,535,561,577,588,602,631,643,667,691,733,795,848,897,964,1004,1089,1151,1209,1270,1327,1413,1495,1589,1700,1808,1915,2006,2097,2162,2245,2323,2408,2462,2544,2623,2698,2795,2913,3040,3173,3311,3452,3604,3727,3877,4072,4190,4312,4443,4594,4754,4965,5205,5430,5623,5895,6196,6535,6951,7439,7874,8323,8931,9554,10276,11067,11660,12481,13275,13995,15033,16111,16996,18099,19026,19728,20895,21798,22304,23614,24743,25912,26873,27956,29151,30449,31700,33120,34331,35515,36932,38144,39708,41277,42885,44415,46140,47898,50231,52199,54182,56354,58262,59504,61879,64355,66761,69304,71701,73855,75385,72699.98136,74675.22101,76684.17257,78727.1074,80804.29686,82916.01233,85062.52517,87244.10675,89461.02844,91713.5616,94001.9776,96326.54781,98687.54359,101085.2363,,,,,,,,,,,,,,,,
Madhya Pradesh,MP,,,,,,,,,,,,,,,,,,,,,,,4,4,6,6,7,15,20,29,39,39,47,66,98,107,154,179,193,256,290,341,411,451,529,562,614,741,938,1164,1310,1402,1407,1485,1552,1587,1687,1846,1945,2090,2165,2387,2560,2625,2715,2788,2837,2942,3049,3138,3252,3341,3457,3614,3785,3986,4173,4426,4595,4790,4977,5236,5465,5735,5981,6170,6371,6665,6859,7024,7261,7453,7645,7891,8089,8283,8420,8588,8762,8996,9228,9401,9638,9849,10049,10241,10443,10641,10802,10935,11083,11244,11426,11582,11724,11903,12078,12261,12448,12595,12798,12965,13186,13370,13593,13861,14106,14297,14604,14930,15284,15627,16036,16341,16657,17201,17632,18207,19005,19643,20378,21082,21763,22600,23310,24095,24842,25474,26210,26926,27800,28589,29217,30134,30968,31806,32614,33535,34285,35082,35734,36564,37298,38157,39025,39891,40734,41604,42618,43414,44433,45455,46385,47375,48351,49493,50640,51866,53129,54421,55800,56864,58181,59433,60875,62433,63965,62949.80902,64174.68998,65416.3913,66675.03184,67950.73044,69243.60596,70553.77724,71881.36315,73226.48253,74589.25424,75969.79712,77368.23004,78784.67183,80219.24137,,,,,,,,,,,,,,,,
Maharashtra,MH,,,,,,,,,,,,2,5,11,14,17,26,32,39,41,45,48,52,64,74,89,107,122,125,153,181,203,220,302,335,423,487,635,747,868,1018,1135,1364,1574,1761,1982,2334,2680,2916,3201,3321,3648,4200,4666,5218,5649,6427,6817,7628,8068,8590,9318,9915,10498,11506,12296,12974,14541,15525,16758,17974,19063,20228,22171,23401,24427,25922,27524,29100,30706,33053,35058,37136,39297,41642,44582,47190,50231,52667,54758,56948,59546,62228,65168,67655,70013,72300,74860,77793,80229,82968,85975,88529,90787,94041,97648,101141,104568,107958,110744,113445,116752,120504,124331,128205,132075,135796,139010,142899,147741,152765,159133,164626,169883,174761,180298,186626,192990,200064,206619,211987,217121,223724,230599,238461,246600,254427,260924,267665,275640,284281,292589,300937,310455,318695,327031,337607,347502,357117,366368,375799,383723,391440,400651,411798,422118,431719,441228,450196,457956,468265,479779,490262,503084,515332,524513,535601,548313,560126,572734,584754,595865,604358,615477,628642,643289,657450,671942,682383,693398,703823,718711,733568,747995,764281,780689,792541,811979.135,827286.6939,842786.1119,858478.5861,874365.3133,890447.4904,906726.3142,923202.9817,939878.6898,956754.6353,973832.0152,991112.0263,1008595.866,1026284.73,,,,,,,,,,,,,,,,
Manipur,MN,,,,,,,,,,,,,,,,,,,,,,,,,,,1,1,1,1,1,1,1,1,1,2,2,2,2,2,2,2,2,2,2,2,2,2,2,2,2,2,2,2,2,2,2,2,2,2,2,2,2,2,2,2,2,2,2,2,2,2,2,2,2,2,2,3,3,7,7,7,9,25,25,26,29,32,36,39,44,55,59,60,71,83,89,108,124,132,157,172,272,304,311,366,385,449,458,490,500,552,606,681,777,841,898,921,970,1056,1075,1092,1185,1227,1234,1260,1279,1316,1325,1366,1390,1430,1435,1450,1582,1593,1609,1626,1672,1700,1764,1800,1891,1911,1925,2015,2060,2115,2146,2176,2235,2286,2317,2458,2505,2621,2756,2831,2920,3018,3093,3217,3466,3635,3753,3853,3941,3982,4112,4198,4390,4569,4687,4765,4876,4925,5049,5132,5246,5362,5444,5585,5725,5843,5960,6112,6252,6352.130945,6490.634211,6631.101248,6773.545644,6917.98099,7064.420874,7212.878888,7363.36862,7515.903659,7670.497597,7827.164021,7985.916523,8146.768691,8309.734115,,,,,,,,,,,,,,,,
Meghalaya,ML,,,,,,,,,,,,,,,,,,,,,,,,,,,,,,,,,,,,,,,,,,,,,,,1,1,7,9,9,11,11,11,12,12,12,12,12,12,12,12,12,12,12,12,12,12,12,12,12,12,13,13,13,13,13,13,13,13,13,13,13,14,14,14,14,14,15,20,20,21,27,27,27,28,30,33,33,33,33,36,39,43,44,44,44,44,44,44,44,43,43,43,43,43,45,46,46,46,48,48,50,51,53,55,58,62,70,72,88,94,100,113,186,262,295,316,318,337,377,403,418,450,469,490,514,534,587,646,702,738,779,784,803,823,856,874,902,917,939,990,1006,1023,1062,1115,1142,1179,1193,1228,1292,1374,1418,1457,1535,1661,1718,1811,1917,1976,2018,2050,2130,2240,2283,2343,2368,2335.780171,2399.829093,2464.970682,2531.213705,2598.566928,2667.039117,2736.639037,2807.375454,2879.257135,2952.292845,3026.491351,3101.861417,3178.41181,3256.151296,,,,,,,,,,,,,,,,
Mizoram,MZ,,,,,,,,,,,,,,,,,,,,,,,,,,,,1,1,1,1,1,1,1,1,1,1,1,1,1,1,1,1,1,1,1,1,1,1,1,1,1,1,1,1,1,1,1,1,1,1,1,1,1,1,1,1,1,1,1,1,1,1,1,1,1,1,1,1,1,1,1,1,1,1,1,1,1,1,1,1,1,1,1,1,1,13,14,17,24,24,34,42,88,93,102,104,110,112,117,121,121,130,130,140,141,142,142,145,145,147,150,151,151,160,160,162,162,164,186,197,198,203,203,226,227,231,233,238,238,272,282,284,284,297,297,317,326,332,361,361,361,384,395,408,408,413,470,496,502,505,538,559,567,608,620,623,648,649,657,713,777,789,815,860,874,895,903,918,918,953,967,974,1003,1003,1008,1011,1050.152381,1065.663095,1081.17381,1096.684524,1112.195238,1127.705952,1143.216667,1158.727381,1174.238095,1189.74881,1205.259524,1220.770238,1236.280952,1251.791667,,,,,,,,,,,,,,,,
Nagaland,NL,,,,,,,,,,,,,,,,,,,,,,,,,,,,,,,,,,,,,,,,0,0,0,0,0,0,0,0,0,0,0,0,0,0,0,0,0,0,0,0,0,0,0,0,0,0,0,0,0,0,0,0,0,0,0,0,0,0,0,0,0,0,0,0,0,0,0,0,0,3,4,9,18,25,36,43,43,49,58,80,107,107,116,122,127,128,130,156,163,173,177,179,193,193,198,201,211,280,330,347,355,371,387,415,451,459,501,535,539,563,590,625,644,657,673,732,748,774,845,896,902,916,956,978,988,1021,1030,1084,1174,1239,1289,1339,1385,1460,1513,1566,1693,1831,1935,2129,2405,2498,2580,2657,2688,2781,3011,3031,3118,3168,3322,3340,3394,3455,3520,3558,3583,3619,3635,3686,3714,3752,3778,3784,3805,3851,3922,3950,3965.6,3997.945455,4030.290909,4062.636364,4094.981818,4127.327273,4159.672727,4192.018182,4224.363636,4256.709091,4289.054545,4321.4,4353.745455,4386.090909,,,,,,,,,,,,,,,,
Odisha,OR,,,,,,,,,,,,,,,,,,,1,1,1,2,2,2,2,2,2,2,3,3,3,3,3,4,5,5,20,21,39,40,42,42,48,50,54,54,55,60,60,60,60,61,61,74,79,83,89,94,100,103,118,118,125,143,154,160,162,169,177,205,219,270,352,377,415,437,538,672,737,737,828,876,978,1052,1103,1189,1269,1336,1438,1517,1593,1660,1723,1819,1948,2104,2245,2388,2478,2608,2781,2856,2994,3140,3250,3386,3498,3723,3909,4055,4163,4338,4512,4677,4856,5160,5303,5470,5752,5962,6180,6350,6614,6859,7065,7316,7545,8106,8601,9070,9526,10097,10624,11201,11956,12526,13121,13737,14280,14898,15392,16110,16701,17437,18110,18757,19835,21099,22693,24013,25389,26892,28107,29175,30378,31877,33479,34913,36297,37681,39018,40717,42550,44193,45927,47455,48796,50672,52653,54630,57126,60050,62294,64533,67122,70020,72718,75537,78530,81479,84231,87602,90986,94668,97920,100934,103536,97675.24211,100285.2307,102939.2314,105637.5956,108380.6748,111168.8203,114002.3837,116881.7164,119807.1698,122779.0955,125797.8447,128863.769,131977.2198,135138.5486,,,,,,,,,,,,,,,,
Puducherry,PY,,,,,,,,,,,,,,,,,,,,1,1,1,1,1,1,1,1,1,1,1,1,1,1,1,3,5,5,5,5,5,5,5,5,7,7,7,7,7,7,7,7,7,7,7,7,7,7,7,8,8,8,8,8,8,8,9,9,9,9,9,9,10,10,12,12,12,13,16,16,17,17,17,22,23,23,26,26,41,49,49,49,53,57,57,70,79,79,90,99,104,107,119,128,132,144,157,163,176,194,202,216,245,271,287,338,366,383,402,461,502,534,619,648,690,714,739,802,824,904,946,1011,1041,1151,1200,1272,1337,1418,1468,1531,1596,1743,1832,1890,1999,2092,2179,2300,2420,2515,2654,2787,2872,3011,3177,3298,3472,3606,3806,3982,4147,4433,4621,4862,5123,5382,5624,5900,6381,6680,6995,7354,7732,8029,8396,8752,9292,9594,10112,10522,10859,11426,11930,12434,13024,13556,14127,14411,14886.33333,15313.83333,15741.33333,16168.83333,16596.33333,17023.83333,17451.33333,17878.83333,18306.33333,18733.83333,19161.33333,19588.83333,20016.33333,20443.83333,,,,,,,,,,,,,,,,
Punjab,PB,,,,,,,,,,,,1,1,1,1,1,1,1,1,1,1,2,3,13,21,23,29,31,33,38,38,38,41,42,46,47,53,65,68,79,99,106,130,151,158,170,176,184,186,197,211,234,244,245,251,278,283,298,308,322,330,342,375,480,585,772,1102,1232,1451,1526,1644,1731,1762,1823,1877,1914,1924,1935,1932,1946,1964,1980,2002,2005,2028,2029,2045,2060,2081,2106,2139,2158,2197,2233,2263,2301,2342,2376,2415,2461,2515,2608,2663,2719,2805,2887,2986,3063,3140,3267,3371,3497,3615,3832,3952,4074,4235,4397,4627,4769,4957,5056,5216,5418,5568,5668,5784,5937,6109,6283,6491,6749,6907,7140,7357,7587,7821,8178,8511,8799,9094,9442,9792,10100,10510,10889,11301,11739,12216,12684,13218,13769,14378,14946,15456,16119,17063,17853,18527,19015,19856,20891,21930,22928,23903,24889,25889,26909,27936,29013,30041,31206,32695,34400,36083,37824,39327,40643,41779,43284,44577,46090,47836,49378,50848,52526,53992,55599.33333,57171.33333,58743.33333,60315.33333,61887.33333,63459.33333,65031.33333,66603.33333,68175.33333,69747.33333,71319.33333,72891.33333,74463.33333,76035.33333,,,,,,,,,,,,,,,,
Rajasthan,RJ,,,,,,1,2,2,2,2,2,2,3,3,3,3,4,4,4,4,7,9,17,24,29,32,32,38,43,50,54,59,79,93,120,133,179,206,266,301,343,383,463,561,700,804,897,1005,1076,1131,1229,1351,1478,1576,1735,1888,1964,2034,2083,2185,2262,2364,2440,2584,2666,2772,2886,3061,3158,3317,3427,3579,3708,3814,3988,4126,4328,4534,4747,4960,5202,5507,5845,6015,6227,6494,6742,7028,7300,7536,7816,8067,8365,8617,8831,9100,9373,9652,9862,10084,10337,10599,10876,11245,11600,11838,12068,12401,12694,12981,13216,13542,13857,14156,14537,14930,15232,15627,16009,16296,16660,16944,17271,17660,18008,18312,18662,19052,19532,20164,20688,21404,22063,22563,23174,23748,24392,24936,25571,26437,27174,27789,28500,29434,30390,31373,32334,33220,34178,35298,36430,37564,38636,39780,40936,42083,43243,44410,45555,46679,47845,48996,50157,51328,52497,53670,54887,56100,57414,58692,59979,61296,62630,63977,65289,66619,67954,69264,70609,71955,73325,74670,76015,77370,78777,80227,81693,83561.14808,85184.21676,86829.0638,88495.83793,90184.68791,91895.76249,93629.21043,95385.18047,97163.82138,98965.28189,100789.7108,102637.2568,104508.0686,106402.2951,,,,,,,,,,,,,,,,
Sikkim,SK,,,,,,,,,,,,,,,,,,,,,,,,,,,,,,,,,,,,,,,,,,,,,,,,,,,,,,,,,,,,,,,,,,,,0,0,0,0,0,0,0,0,0,0,0,0,0,0,0,0,0,0,0,1,1,1,1,1,1,1,1,1,1,1,2,2,3,7,7,7,13,13,13,63,63,68,68,68,70,70,70,70,78,78,79,83,85,87,87,88,88,88,89,101,102,103,125,125,127,133,134,121,147,151,153,198,209,222,254,273,283,305,330,438,460,477,499,545,555,579,596,610,639,650,658,688,783,800,829,854,860,866,910,913,930,931,1080,1148,1167,1187,1207,1232,1290,1336,1381,1403,1446,1475,1486,1542,1576,1602,1627,1652,1745.591013,1791.903125,1838.983594,1886.838448,1935.473716,1984.895426,2035.109607,2086.122287,2137.939496,2190.567262,2244.011613,2298.278578,2353.374186,2409.304465,,,,,,,,,,,,,,,,
Tamil Nadu,TN,,,,,,,,,,1,1,1,1,1,1,1,1,1,1,1,2,3,3,6,9,12,18,26,29,38,42,50,67,124,234,309,411,485,571,621,690,738,834,911,969,1075,1173,1204,1242,1267,1323,1372,1477,1520,1596,1629,1683,1755,1821,1885,1937,2058,2162,2323,2526,2757,3023,3550,4058,4829,5409,6009,6535,7204,8002,8718,9227,9674,10108,10585,11224,11760,12448,13191,13967,14753,15512,16277,17082,17728,18545,19372,20246,21184,22333,23495,24586,25872,27256,28694,30152,31667,33229,34914,36841,38716,40698,42687,44661,46504,48019,50193,52334,54449,56845,59377,62087,64603,67468,70977,74622,78335,82275,86224,90167,94049,98392,102721,107001,111151,114978,118594,122350,126581,130261,134226,138470,142798,147324,151820,156369,160907,165714,170693,175678,180643,186492,192964,199749,206737,213723,220716,227688,234114,239978,245859,251738,257613,263222,268285,273460,279144,285024,290907,296901,302815,308649,314520,320355,326245,332105,338055,343945,349654,355449,361435,367430,373410,379385,385352,391303,397261,403242,409238,415590,422085,428041,459990.4341,468841.1209,477802.0975,486874.0324,496057.5945,505353.4524,514762.2747,524284.7301,533921.4873,543673.2149,553540.5815,563524.256,573624.9068,583843.2028,,,,,,,,,,,,,,,,
Telangana,TG,,,,,1,1,1,1,1,1,1,1,1,1,1,1,2,3,4,5,13,16,19,21,27,33,39,41,45,59,67,70,77,97,127,154,229,272,334,364,404,453,471,487,503,531,592,644,650,700,766,809,858,872,928,943,970,983,990,1001,1003,1009,1016,1038,1044,1061,1082,1085,1096,1107,1122,1132,1163,1196,1275,1326,1367,1414,1454,1509,1551,1592,1634,1661,1699,1761,1813,1854,1920,2032,2139,2256,2425,2499,2698,2792,2891,3020,3147,3290,3496,3650,3742,3920,4111,4320,4484,4737,4974,5193,5406,5675,6027,6526,7072,7802,8674,9553,10444,11364,12349,13436,14419,15394,16339,17357,18570,20462,22312,23902,25733,27612,29536,30946,32224,33402,34671,36221,37745,39342,41018,42496,43780,45076,46274,47704,49259,50826,52466,54059,54059,55532,57142,58906,60717,62703,64786,66677,67660,68946,70958,73050,75257,77513,79495,80751,82647,84544,86475,88396,90259,91361,92255,93937,95700,97424,99391,101865,104249,106091,108670,111688,114483,117415,120166,123090,124963,131328.0156,134187.571,137087.3815,140027.7226,143008.8694,146031.0974,149094.6817,152199.8978,155347.0209,158536.3264,161768.0895,165042.5856,168360.09,171720.878,,,,,,,,,,,,,,,,
Tripura,TR,,,,,,,,,,,,,,,,,,,,,,,,,,,,,,,,,,,,,,,,1,1,1,1,2,2,2,2,2,2,2,2,2,2,2,2,2,2,2,2,2,2,2,2,3,3,5,17,30,43,65,89,119,136,152,152,154,155,156,156,167,165,165,173,173,175,175,191,194,198,232,242,244,254,271,316,423,471,622,646,694,749,802,840,866,897,922,963,1046,1079,1089,1090,1133,1154,1181,1189,1224,1240,1263,1263,1295,1330,1339,1351,1385,1393,1401,1440,1533,1558,1581,1692,1716,1773,1789,1931,1962,2067,2093,2183,2281,2379,2497,2668,2891,3093,3345,3471,3677,3777,3882,3919,4066,4287,4503,4722,4996,5248,5389,5389,5520,5642,5740,5868,6014,6161,6223,6387,6497,6618,6782,6949,7076,7219,7424,7660,7850,8106,8386,8717,8917,9210,9539,9924,10433,10876,11323,11644,12139,12572,13005,13438,13871,14304,14737,15170,15603,16036,16469,16902,17335,17768,,,,,,,,,,,,,,,,
Uttar Pradesh,UP,,,,,,,7,8,8,8,8,10,10,10,12,13,13,13,13,15,17,20,24,28,30,34,35,38,42,49,65,72,96,104,117,128,174,234,278,305,332,361,410,433,452,483,558,660,735,805,849,975,1100,1184,1337,1449,1510,1621,1793,1873,1986,2053,2134,2211,2328,2487,2645,2766,2880,2998,3071,3214,3373,3467,3573,3664,3758,3902,4057,4258,4464,4605,4926,5175,5515,5735,6017,6268,6497,6724,6991,7170,7445,7701,8075,8361,8729,8870,9237,9733,10103,10536,10947,11335,11610,12088,12616,13118,13615,14091,14598,15181,15785,16594,17135,17731,18322,18893,19557,20193,20943,21549,22147,22828,23492,24056,24825,25797,26554,27707,28636,29968,31156,32362,33700,35092,36476,38130,39724,41383,43441,45163,47036,49247,51160,53288,55588,58104,60771,63742,66988,70493,73951,77334,81039,85461,89048,92921,97362,100310,104388,108974,113378,118038,122609,126722,131763,136238,140775,145287,150061,154418,158216,162434,167510,172334,177239,182456,187781,192382,197388,203028,208419,213824,219457,225632,230414,231304.4772,237106.7186,243003.0839,248994.3064,255081.1197,261264.2573,267544.4525,273922.4389,280398.9499,286974.719,293650.4797,300426.9654,307304.9096,314285.0457,,,,,,,,,,,,,,,,
Uttarakhand,UT,,,,,,,,,,,,,,,,,,1,1,1,1,3,3,3,3,4,4,5,5,5,6,7,7,7,7,10,16,22,26,31,31,35,35,35,35,35,35,37,37,37,40,42,44,46,46,46,47,48,48,51,51,54,55,57,57,59,60,60,61,61,61,63,67,68,68,69,72,78,82,91,92,96,111,126,145,153,244,317,349,400,469,500,716,749,907,959,1043,1085,1153,1215,1303,1355,1411,1537,1562,1655,1724,1785,1819,1845,1942,2023,2103,2177,2301,2344,2402,2535,2623,2691,2725,2791,2823,2831,2881,2947,2984,3048,3093,3124,3161,3230,3258,3305,3373,3417,3537,3608,3686,3785,3982,4102,4276,4515,4642,4849,5300,5445,5717,5961,6104,6328,6587,6866,7065,7183,7447,7593,7800,8008,8254,8623,8901,9402,9632,10021,10432,10886,11302,11615,11940,12175,12493,12961,13225,13636,14083,14566,15124,15529,16014,16549,17277,17865,18571,19235,19827,18456.46091,18889.3056,19328.82612,19775.07266,20228.0954,20687.94454,21154.67025,21628.32273,22108.95216,22596.60873,23091.34262,23593.20404,24102.24315,24618.51015,,,,,,,,,,,,,,,,
West Bengal,WB,,,,,,,,,,,,,,,,,,,,1,1,1,2,4,7,7,9,9,10,15,18,21,22,37,37,53,53,53,80,80,91,99,103,116,126,134,152,190,213,231,255,287,310,339,392,423,456,514,571,611,649,697,725,758,795,922,1198,1259,1344,1456,1548,1678,1786,1939,2063,2173,2290,2377,2461,2576,2677,2824,2961,3103,3197,3332,3459,3667,3816,4009,4192,4536,4813,5130,5501,5772,6168,6508,6876,7303,7738,8187,8613,8985,9328,9768,10244,10698,11087,11494,11909,12300,12735,13090,13531,13945,14358,14728,15173,15648,16190,16711,17283,17907,18559,19170,19819,20488,21231,22126,22987,23837,24823,25911,27109,28453,30013,31448,32838,34427,36117,38011,40209,42487,44769,47030,49321,51757,53973,56377,58718,60830,62964,65258,67692,70188,72777,75516,78232,80984,83800,86754,89666,92615,95554,98459,101390,104326,107323,110358,113432,116498,119578,122753,125922,129119,132364,135596,138870,141837,144801,147775,150772,153754,156766,159785,162778,170324.9806,174385.2899,178508.455,182694.9469,186945.2367,191259.7955,195639.0942,200083.6039,210593,215170,221813,227489.8333,231423.3333,235356.8333,,,,,,,,,,,,,,,,
